dataset,source_id,L_j,n_content,mu_unif,mu_mask,Epi_unif,Epi_mask,ratio
factscore_bio,Kang Ji-hwan,27,14,0.344905,0.47313,0.00172696,0.00337583,1.95479
factscore_bio,Kang Ji-hwan,24,10,0.333511,0.478583,0.00237647,0.00353027,1.48551
factscore_bio,Kang Ji-hwan,36,18,0.160607,0.158017,0.00152468,0.00156201,1.02448
factscore_bio,Kang Ji-hwan,33,16,0.0808075,0.102382,0.000462564,0.000697851,1.50866
factscore_bio,Kang Ji-hwan,42,18,0.290125,0.272486,0.00235045,0.00251371,1.06946
factscore_bio,Kang Ji-hwan,15,8,0.178532,0.198049,0.00122397,0.00156255,1.27662
factscore_bio,Kang Ji-hwan,33,16,0.111286,0.131141,0.00107071,0.00152655,1.42574
factscore_bio,Kang Ji-hwan,25,10,0.320973,0.406699,0.00274419,0.0040905,1.4906
factscore_bio,Kang Ji-hwan,21,8,0.0627053,0.103358,0.000323817,0.000935879,2.89015
factscore_bio,Kalki Koechlin,30,17,0.739294,0.759644,0.00230991,0.00246842,1.06862
factscore_bio,Kalki Koechlin,38,23,0.411556,0.314199,0.00103243,0.00108635,1.05222
factscore_bio,Kalki Koechlin,25,10,0.497533,0.548436,0.0031267,0.00383596,1.22684
factscore_bio,Kalki Koechlin,22,11,0.484333,0.551947,0.00526778,0.00497927,0.945231
factscore_bio,Kalki Koechlin,26,12,0.283541,0.287279,0.00179627,0.00188753,1.0508
factscore_bio,Kalki Koechlin,23,12,0.363479,0.365859,0.00259711,0.00300645,1.15762
factscore_bio,Kalki Koechlin,58,32,0.544832,0.53202,0.00129157,0.0018337,1.41974
factscore_bio,Kalki Koechlin,34,17,0.303011,0.350082,0.00113137,0.00119656,1.05762
factscore_bio,William Post,41,17,0.2188,0.19339,0.00107266,0.00115007,1.07217
factscore_bio,William Post,37,16,0.139908,0.0944877,0.000864336,0.00109204,1.26344
factscore_bio,William Post,24,9,0.0125177,0.0127127,3.60247e-05,7.18004e-05,1.99309
factscore_bio,William Post,28,11,0.011756,0.0184042,3.11768e-05,8.23368e-05,2.64097
factscore_bio,William Post,31,12,0.0259669,0.0161443,0.000101785,7.57957e-05,0.744663
factscore_bio,William Post,7,4,0.0163146,0.0257849,6.36035e-05,0.000169193,2.66012
factscore_bio,William Post,23,10,0.0179162,0.0331438,5.53405e-05,0.000174111,3.14618
factscore_bio,William Post,23,9,0.00818592,0.00839865,3.40428e-05,2.62662e-05,0.771564
factscore_bio,William Post,22,8,0.00719879,0.0082474,1.26844e-05,1.74595e-05,1.37645
factscore_bio,William Post,17,5,0.017093,0.0368075,9.55595e-05,0.000796642,8.33661
factscore_bio,William Post,3,2,0.05938,0.0289987,0.0015441,0.0004561,0.295383
factscore_bio,"William Waldegrave, Baron Waldegrave of North Hill",50,29,0.504166,0.486773,0.00180792,0.00219187,1.21237
factscore_bio,"William Waldegrave, Baron Waldegrave of North Hill",19,9,0.240282,0.284398,0.00174047,0.00334394,1.92128
factscore_bio,"William Waldegrave, Baron Waldegrave of North Hill",19,8,0.349855,0.320382,0.00476991,0.00607811,1.27426
factscore_bio,"William Waldegrave, Baron Waldegrave of North Hill",24,6,0.132378,0.0682353,0.000863466,0.000889147,1.02974
factscore_bio,"William Waldegrave, Baron Waldegrave of North Hill",24,13,0.116463,0.140746,0.000988152,0.0012916,1.30709
factscore_bio,"William Waldegrave, Baron Waldegrave of North Hill",25,9,0.23139,0.252671,0.00203413,0.00144849,0.712093
factscore_bio,"William Waldegrave, Baron Waldegrave of North Hill",18,8,0.279453,0.217711,0.00184029,0.00192595,1.04654
factscore_bio,"William Waldegrave, Baron Waldegrave of North Hill",18,8,0.514673,0.491515,0.00328477,0.00509799,1.55201
factscore_bio,"William Waldegrave, Baron Waldegrave of North Hill",20,10,0.387667,0.498944,0.00189121,0.00252034,1.33266
factscore_bio,"William Waldegrave, Baron Waldegrave of North Hill",39,24,0.203173,0.216231,0.00271161,0.00275798,1.0171
factscore_bio,Darrius Heyward-Bey,29,17,0.599293,0.583226,0.00315013,0.003158,1.0025
factscore_bio,Darrius Heyward-Bey,18,7,0.254597,0.338824,0.00201754,0.00442948,2.19548
factscore_bio,Darrius Heyward-Bey,25,12,0.190364,0.227083,0.00222886,0.00247445,1.11019
factscore_bio,Darrius Heyward-Bey,29,14,0.108602,0.176519,0.000469124,0.0010655,2.27125
factscore_bio,Darrius Heyward-Bey,25,14,0.515642,0.559444,0.00684554,0.00413632,0.604235
factscore_bio,Darrius Heyward-Bey,37,15,0.0864438,0.0899247,0.000375579,0.000491401,1.30838
factscore_bio,Darrius Heyward-Bey,26,13,0.0981206,0.105583,0.000351259,0.000393516,1.1203
factscore_bio,Darrius Heyward-Bey,22,9,0.166663,0.0981697,0.00174439,0.00110304,0.632334
factscore_bio,Darrius Heyward-Bey,24,11,0.0591938,0.062475,0.000385144,0.000613942,1.59406
factscore_bio,Darrius Heyward-Bey,21,12,0.0472584,0.066755,0.00025487,0.000615161,2.41363
factscore_bio,Andrew Shue,16,10,0.636881,0.614063,0.00292389,0.00325803,1.11428
factscore_bio,Andrew Shue,17,6,0.504721,0.612075,0.00289295,0.00771961,2.66842
factscore_bio,Andrew Shue,24,11,0.525466,0.47228,0.0027993,0.00324676,1.15985
factscore_bio,Andrew Shue,24,12,0.261673,0.242287,0.00272031,0.00292309,1.07454
factscore_bio,Andrew Shue,25,12,0.261149,0.284627,0.00189188,0.00222474,1.17594
factscore_bio,Andrew Shue,17,8,0.260891,0.282095,0.0029071,0.0052546,1.8075
factscore_bio,Andrew Shue,49,25,0.324138,0.332051,0.00138252,0.00132478,0.958234
factscore_bio,Andrew Shue,22,9,0.101477,0.0725444,0.000432432,0.00120317,2.78233
factscore_bio,Andrew Shue,22,9,0.183205,0.284437,0.0011726,0.0019657,1.67637
factscore_bio,Andrew Shue,28,12,0.385146,0.423518,0.00308061,0.00444211,1.44196
factscore_bio,Andrew Shue,21,8,0.302953,0.341536,0.00352395,0.00463838,1.31624
factscore_bio,Andrew Shue,22,9,0.135479,0.168265,0.00111414,0.00130656,1.17271
factscore_bio,Andrew Shue,17,6,0.13425,0.0828481,0.000847922,0.00151618,1.78811
factscore_bio,Andrew Shue,41,16,0.227121,0.23737,0.00183761,0.00203013,1.10477
factscore_bio,Andrew Shue,17,7,0.0672302,0.0552619,0.000474586,0.00098919,2.08432
factscore_bio,Andrew Shue,22,7,0.458271,0.324934,0.00317902,0.00687213,2.16171
factscore_bio,Andrew Shue,23,7,0.208689,0.200128,0.0027383,0.004252,1.55279
factscore_bio,Wahida Prism Khan,17,13,0.19719,0.246851,0.000888447,0.00128863,1.45043
factscore_bio,Wahida Prism Khan,13,5,0.0795096,0.0389898,0.000989148,0.000491968,0.497365
factscore_bio,Wahida Prism Khan,24,11,0.42565,0.448394,0.00568641,0.00922318,1.62197
factscore_bio,Wahida Prism Khan,27,14,0.0646947,0.051818,0.00021705,0.000522034,2.40513
factscore_bio,Wahida Prism Khan,32,12,0.315324,0.376761,0.0029433,0.00707991,2.40543
factscore_bio,Wahida Prism Khan,18,7,0.172432,0.177865,0.00273878,0.00549686,2.00705
factscore_bio,Wahida Prism Khan,27,9,0.180714,0.153336,0.00258034,0.003332,1.2913
factscore_bio,Wahida Prism Khan,16,6,0.442034,0.411052,0.00430133,0.00636483,1.47973
factscore_bio,Wahida Prism Khan,20,6,0.0431475,0.00833766,0.000252719,2.96688e-05,0.117398
factscore_bio,Wahida Prism Khan,25,11,0.0707187,0.0142867,0.00031113,5.87719e-05,0.188898
factscore_bio,Wahida Prism Khan,42,20,0.0638464,0.0597665,0.000261514,0.000623275,2.38333
factscore_bio,Wahida Prism Khan,21,9,0.0863531,0.0948997,0.000797933,0.00120683,1.51245
factscore_bio,Wahida Prism Khan,20,9,0.0135156,0.00913704,3.57524e-05,2.46731e-05,0.690112
factscore_bio,Wahida Prism Khan,22,7,0.229901,0.259548,0.00172572,0.00699923,4.05582
factscore_bio,Wahida Prism Khan,23,7,0.489747,0.486691,0.00540209,0.00654068,1.21077
factscore_bio,Wahida Prism Khan,40,21,0.293077,0.263097,0.00181431,0.00237311,1.308
factscore_bio,Waka Flocka Flame,35,20,0.791276,0.682332,0.000861145,0.00161319,1.87331
factscore_bio,Waka Flocka Flame,42,19,0.550476,0.451067,0.00215437,0.00328663,1.52556
factscore_bio,Waka Flocka Flame,15,9,0.569077,0.464834,0.00421912,0.0038191,0.905187
factscore_bio,Waka Flocka Flame,29,11,0.266777,0.343808,0.00203368,0.00282496,1.38909
factscore_bio,Waka Flocka Flame,23,8,0.0955223,0.191262,0.000513715,0.0014641,2.85003
factscore_bio,Waka Flocka Flame,24,11,0.405979,0.498033,0.00307702,0.00292132,0.949401
factscore_bio,Waka Flocka Flame,17,6,0.626412,0.648246,0.00226645,0.00256684,1.13254
factscore_bio,Waka Flocka Flame,27,11,0.369715,0.191766,0.00248418,0.00193001,0.776917
factscore_bio,Waka Flocka Flame,35,19,0.537834,0.414207,0.00230597,0.00198924,0.862649
factscore_bio,Waka Flocka Flame,34,12,0.457874,0.456335,0.00216821,0.00317574,1.46469
factscore_bio,Waka Flocka Flame,34,20,0.470785,0.424757,0.00180232,0.00134635,0.747008
factscore_bio,Waka Flocka Flame,72,33,0.483194,0.449616,0.00128391,0.00123459,0.961583
factscore_bio,Waka Flocka Flame,28,12,0.489624,0.405341,0.00272386,0.00249189,0.914835
factscore_bio,Waka Flocka Flame,24,11,0.57029,0.518808,0.00175762,0.00245495,1.39675
factscore_bio,Waka Flocka Flame,32,13,0.245338,0.29467,0.00149125,0.00533138,3.57511
factscore_bio,Waka Flocka Flame,32,16,0.270959,0.222568,0.00345142,0.00289024,0.837405
factscore_bio,Waka Flocka Flame,9,1,0.867386,0.528831,0.00174889,0.0314575,17.9871
factscore_bio,Focus...,29,18,0.335659,0.261045,0.00154857,0.00122872,0.793453
factscore_bio,Focus...,13,5,0.268145,0.227357,0.00271809,0.00238348,0.876896
factscore_bio,Focus...,40,18,0.22148,0.222356,0.000963979,0.00107483,1.11499
factscore_bio,Focus...,50,17,0.122445,0.147997,0.000625296,0.000955115,1.52746
factscore_bio,Focus...,30,13,0.186669,0.141826,0.000687133,0.000907382,1.32053
factscore_bio,Focus...,22,11,0.182132,0.218927,0.00117148,0.000701079,0.598456
factscore_bio,Focus...,20,9,0.153625,0.20752,0.00123032,0.00191772,1.55872
factscore_bio,Focus...,24,12,0.0579847,0.0843236,0.000171472,0.000281969,1.6444
factscore_bio,Focus...,43,20,0.0157025,0.0258076,3.00791e-05,0.000119387,3.96909
factscore_bio,Focus...,44,19,0.0468407,0.0569551,0.000132749,0.000231778,1.74599
factscore_bio,Focus...,29,10,0.158089,0.24083,0.00136238,0.00307945,2.26035
factscore_bio,Focus...,37,20,0.16716,0.174069,0.00146477,0.00180882,1.23489
factscore_bio,Focus...,46,18,0.0306517,0.034397,8.301e-05,0.000112384,1.35386
factscore_bio,Focus...,32,11,0.090553,0.0820381,0.000658276,0.00106076,1.61142
factscore_bio,Focus...,23,8,0.0673717,0.110614,0.000446858,0.00134114,3.00128
factscore_bio,Sara Paxton,29,15,0.490649,0.577743,0.0016822,0.0016806,0.999047
factscore_bio,Sara Paxton,32,13,0.507342,0.469032,0.0029323,0.00334237,1.13984
factscore_bio,Sara Paxton,46,23,0.203428,0.196284,0.00117613,0.00136089,1.15709
factscore_bio,Sara Paxton,48,23,0.318948,0.350266,0.00117561,0.00143274,1.21872
factscore_bio,Sara Paxton,18,7,0.173741,0.290796,0.00155425,0.00276723,1.78043
factscore_bio,Sara Paxton,36,16,0.391824,0.417163,0.00149847,0.00116324,0.776282
factscore_bio,Sara Paxton,23,9,0.0975045,0.0538852,0.000525678,0.000662259,1.25982
factscore_bio,Sara Paxton,46,21,0.281678,0.296362,0.00117104,0.00226242,1.93198
factscore_bio,Sara Paxton,23,9,0.143997,0.122974,0.000951853,0.00167597,1.76075
factscore_bio,Sara Paxton,15,6,0.639964,0.477316,0.00346766,0.00564286,1.62728
factscore_bio,Sara Paxton,26,10,0.280998,0.325018,0.00357736,0.0050301,1.40609
factscore_bio,Sara Paxton,28,13,0.198365,0.232594,0.00227795,0.00291255,1.27858
factscore_bio,Sara Paxton,21,10,0.0731522,0.0491075,0.000538779,0.000561556,1.04228
factscore_bio,Sara Paxton,24,10,0.262011,0.211638,0.00170678,0.0025246,1.47916
factscore_bio,Sara Paxton,22,8,0.225918,0.207515,0.00418596,0.00455871,1.08905
factscore_bio,Marianne McAndrew,38,21,0.526353,0.391359,0.00113625,0.0012013,1.05725
factscore_bio,Marianne McAndrew,36,17,0.272757,0.240905,0.00188805,0.00239667,1.26939
factscore_bio,Marianne McAndrew,26,13,0.516726,0.562865,0.00283995,0.00638415,2.24798
factscore_bio,Marianne McAndrew,49,23,0.358167,0.273856,0.00202826,0.00201263,0.992295
factscore_bio,Marianne McAndrew,15,7,0.375398,0.334201,0.00714839,0.00828907,1.15957
factscore_bio,Marianne McAndrew,31,13,0.313554,0.209958,0.00225271,0.0026284,1.16677
factscore_bio,Marianne McAndrew,19,8,0.402931,0.351876,0.00580102,0.0111105,1.91526
factscore_bio,Marianne McAndrew,40,15,0.379471,0.22556,0.0019883,0.00187839,0.944724
factscore_bio,Marianne McAndrew,14,6,0.328506,0.406591,0.00271176,0.00625325,2.30597
factscore_bio,Marianne McAndrew,26,11,0.082682,0.0303368,0.00064183,0.00018164,0.283004
factscore_bio,Marianne McAndrew,19,7,0.342566,0.387303,0.00383325,0.00467022,1.21834
factscore_bio,Marianne McAndrew,28,15,0.199938,0.171194,0.00148022,0.00153617,1.03779
factscore_bio,Keita Kadokura,26,18,0.108123,0.140586,0.000457162,0.000838418,1.83396
factscore_bio,Keita Kadokura,37,18,0.141452,0.150573,0.000930873,0.000717515,0.770798
factscore_bio,Keita Kadokura,21,11,0.017081,0.027364,4.66858e-05,0.000141931,3.04013
factscore_bio,Keita Kadokura,25,11,0.0616862,0.0650234,0.000367517,0.000684683,1.863
factscore_bio,Keita Kadokura,33,19,0.0911934,0.117104,0.000539429,0.000879739,1.63087
factscore_bio,Keita Kadokura,27,13,0.0354489,0.0584455,0.000152928,0.000471322,3.08198
factscore_bio,Keita Kadokura,37,21,0.0831891,0.12706,0.0004296,0.00102105,2.37676
factscore_bio,Keita Kadokura,23,11,0.00657458,0.00595839,9.15946e-06,9.67143e-06,1.0559
factscore_bio,Keita Kadokura,27,14,0.0180354,0.0280697,5.47459e-05,0.000145636,2.66021
factscore_bio,Keita Kadokura,22,7,0.0520698,0.13531,0.000118228,0.000768129,6.49704
factscore_bio,Keita Kadokura,36,16,0.24836,0.13067,0.001354,0.00202806,1.49783
factscore_bio,Keita Kadokura,8,3,0.0219037,0.00746879,0.000163775,3.53485e-05,0.215836
factscore_bio,Keita Kadokura,13,4,0.135687,0.331289,0.0015113,0.0111497,7.37754
factscore_bio,Keita Kadokura,49,30,0.0693166,0.0760814,0.000418116,0.000533323,1.27554
factscore_bio,Keita Kadokura,24,12,0.456629,0.284543,0.00382566,0.00546499,1.42851
factscore_bio,John Estes,38,19,0.574914,0.60119,0.00192117,0.00248523,1.2936
factscore_bio,John Estes,25,10,0.54001,0.681096,0.00330759,0.0024798,0.749731
factscore_bio,John Estes,26,10,0.46253,0.282974,0.00395138,0.00315758,0.799109
factscore_bio,John Estes,24,8,0.408094,0.4082,0.00330281,0.00529304,1.60259
factscore_bio,John Estes,37,15,0.134629,0.148071,0.00100175,0.00160013,1.59733
factscore_bio,John Estes,43,25,0.207184,0.177859,0.000810207,0.000795132,0.981393
factscore_bio,John Estes,39,13,0.464245,0.413529,0.00345871,0.00755916,2.18554
factscore_bio,John Estes,32,13,0.326839,0.324337,0.00193874,0.00329589,1.70002
factscore_bio,John Estes,20,6,0.208324,0.101785,0.0026091,0.00137815,0.52821
factscore_bio,John Estes,28,11,0.0494936,0.0655004,0.000229404,0.000549811,2.39669
factscore_bio,John Estes,25,9,0.10379,0.165135,0.000757296,0.00194872,2.57327
factscore_bio,John Estes,28,10,0.0720384,0.164825,0.000132191,0.000532193,4.02593
factscore_bio,John Estes,31,19,0.248086,0.259562,0.000986304,0.00101772,1.03185
factscore_bio,John Estes,29,12,0.277924,0.27011,0.00203248,0.00254973,1.25449
factscore_bio,John Estes,32,12,0.242723,0.182275,0.00227971,0.00218083,0.956627
factscore_bio,Oliver Letwin,28,14,0.709746,0.710374,0.00214602,0.0022593,1.05279
factscore_bio,Oliver Letwin,19,8,0.660846,0.819178,0.00293874,0.0030165,1.02646
factscore_bio,Oliver Letwin,18,8,0.317317,0.328274,0.0026593,0.00447472,1.68267
factscore_bio,Oliver Letwin,24,11,0.553845,0.379396,0.00251484,0.00182131,0.724225
factscore_bio,Oliver Letwin,30,11,0.377637,0.401615,0.00202463,0.00252442,1.24686
factscore_bio,Oliver Letwin,28,12,0.416031,0.358783,0.00456413,0.00510952,1.1195
factscore_bio,Oliver Letwin,37,15,0.326191,0.291713,0.00342837,0.00242168,0.706367
factscore_bio,Oliver Letwin,23,8,0.53837,0.339035,0.00370882,0.00634876,1.7118
factscore_bio,Oliver Letwin,28,11,0.452067,0.474999,0.00220253,0.00196439,0.891879
factscore_bio,Oliver Letwin,45,20,0.612765,0.515986,0.00176272,0.00210317,1.19314
factscore_bio,Oliver Letwin,25,11,0.507996,0.331823,0.00334888,0.00202008,0.603212
factscore_bio,Oliver Letwin,35,16,0.472758,0.490151,0.00286991,0.00406556,1.41661
factscore_bio,Oliver Letwin,33,13,0.276639,0.267705,0.00204209,0.00241418,1.18221
factscore_bio,Oliver Letwin,21,7,0.346897,0.205148,0.00315772,0.00494654,1.56649
factscore_bio,Ram Gopal Varma,33,19,0.816367,0.786587,0.00167913,0.00177303,1.05592
factscore_bio,Ram Gopal Varma,22,9,0.821673,0.912629,0.00309759,0.00143725,0.463989
factscore_bio,Ram Gopal Varma,29,13,0.181394,0.267562,0.00158672,0.00403299,2.54171
factscore_bio,Ram Gopal Varma,20,7,0.0393376,0.0615174,0.000324033,0.00119621,3.69163
factscore_bio,Ram Gopal Varma,22,7,0.121061,0.118641,0.00208924,0.00307721,1.47288
factscore_bio,Ram Gopal Varma,22,14,0.240049,0.272446,0.00310787,0.00276243,0.88885
factscore_bio,Ram Gopal Varma,43,21,0.269556,0.265475,0.00188726,0.00203428,1.0779
factscore_bio,Ram Gopal Varma,24,10,0.569507,0.582393,0.00459362,0.00502668,1.09427
factscore_bio,Ram Gopal Varma,53,27,0.278551,0.324443,0.00121614,0.0010929,0.898664
factscore_bio,Ram Gopal Varma,32,15,0.46116,0.517823,0.00215227,0.00237907,1.10538
factscore_bio,Ram Gopal Varma,44,20,0.425352,0.449018,0.00132673,0.00146282,1.10257
factscore_bio,Ram Gopal Varma,33,16,0.34222,0.322974,0.00166056,0.00159727,0.961886
factscore_bio,Ram Gopal Varma,30,15,0.432698,0.415287,0.00318258,0.0040873,1.28427
factscore_bio,Ram Gopal Varma,20,9,0.238787,0.196134,0.00334382,0.00379934,1.13623
factscore_bio,Ram Gopal Varma,34,17,0.67193,0.60993,0.00315951,0.00237677,0.75226
factscore_bio,Ram Gopal Varma,18,9,0.558052,0.417599,0.00457187,0.00650987,1.4239
factscore_bio,Ram Gopal Varma,22,10,0.353825,0.258653,0.00288434,0.0027207,0.943266
factscore_bio,Ram Gopal Varma,11,3,0.723493,0.628374,0.00661798,0.0159591,2.41148
factscore_bio,James Taylor,35,18,0.608905,0.510593,0.00303178,0.0046514,1.53421
factscore_bio,James Taylor,32,12,0.657634,0.669158,0.00270107,0.0062349,2.30831
factscore_bio,James Taylor,21,8,0.486336,0.528274,0.00506003,0.00674488,1.33297
factscore_bio,James Taylor,24,7,0.236969,0.304748,0.00260769,0.00681502,2.61344
factscore_bio,James Taylor,19,8,0.278071,0.28058,0.00325433,0.00375733,1.15456
factscore_bio,James Taylor,39,19,0.203973,0.152173,0.00106923,0.00191088,1.78715
factscore_bio,James Taylor,31,12,0.17545,0.147558,0.00173374,0.0030337,1.7498
factscore_bio,James Taylor,29,11,0.128487,0.130093,0.000662477,0.000594682,0.897665
factscore_bio,James Taylor,17,6,0.226724,0.341627,0.00273798,0.00670802,2.44999
factscore_bio,James Taylor,51,24,0.205045,0.184791,0.00189633,0.00107837,0.568662
factscore_bio,James Taylor,31,14,0.146911,0.131743,0.00174201,0.00127143,0.729862
factscore_bio,James Taylor,35,10,0.119345,0.103883,0.000851482,0.000893846,1.04975
factscore_bio,James Taylor,28,13,0.205752,0.210282,0.00238004,0.00330974,1.39062
factscore_bio,James Taylor,23,13,0.091054,0.0930229,0.000713718,0.000548545,0.768574
factscore_bio,James Taylor,33,16,0.317943,0.389169,0.00263223,0.0048772,1.85288
factscore_bio,James Taylor,18,7,0.100492,0.145285,0.000590481,0.00146267,2.47709
factscore_bio,James Taylor,45,19,0.150518,0.14087,0.00102669,0.000989497,0.96377
factscore_bio,James Taylor,1,0,0.0339358,,0.000848525,,
factscore_bio,Joeri Adams,27,14,0.271375,0.259963,0.000952358,0.00183649,1.92836
factscore_bio,Joeri Adams,24,10,0.667202,0.878603,0.00134373,0.0014654,1.09054
factscore_bio,Joeri Adams,53,33,0.489958,0.479614,0.00175452,0.00170628,0.972508
factscore_bio,Joeri Adams,30,17,0.638049,0.704664,0.00169178,0.00203556,1.20321
factscore_bio,Joeri Adams,27,13,0.386401,0.429364,0.00214226,0.00246046,1.14853
factscore_bio,Joeri Adams,42,15,0.357322,0.3208,0.0030446,0.00364479,1.19713
factscore_bio,Joeri Adams,26,11,0.308578,0.277614,0.0029987,0.00502349,1.67522
factscore_bio,Joeri Adams,33,10,0.461164,0.553149,0.00219629,0.00272925,1.24267
factscore_bio,Joeri Adams,35,16,0.179948,0.192689,0.00168802,0.00316763,1.87654
factscore_bio,Joeri Adams,28,10,0.298728,0.31217,0.0012418,0.00290455,2.33899
factscore_bio,Joeri Adams,29,16,0.442213,0.453369,0.00173827,0.00169426,0.974682
factscore_bio,Cha Seung-won,28,15,0.309399,0.456616,0.00166988,0.0034891,2.08944
factscore_bio,Cha Seung-won,29,12,0.46972,0.513792,0.0043847,0.00425837,0.971189
factscore_bio,Cha Seung-won,18,10,0.13361,0.172576,0.00136622,0.00250509,1.83359
factscore_bio,Cha Seung-won,26,12,0.0640269,0.0689433,0.000633833,0.000816903,1.28883
factscore_bio,Cha Seung-won,19,4,0.0224751,0.0639537,8.94538e-05,0.00115258,12.8846
factscore_bio,Cha Seung-won,23,11,0.133311,0.187167,0.00145023,0.00429511,2.96167
factscore_bio,Cha Seung-won,52,26,0.267135,0.329601,0.0013068,0.00195651,1.49717
factscore_bio,Cha Seung-won,17,8,0.160333,0.152741,0.00289724,0.00489795,1.69056
factscore_bio,Cha Seung-won,45,17,0.244419,0.312087,0.00116237,0.00318523,2.74029
factscore_bio,Cha Seung-won,83,41,0.123883,0.129495,0.000368692,0.000551079,1.49469
factscore_bio,Cha Seung-won,14,5,0.0329612,0.0311277,0.000191646,0.000263751,1.37624
factscore_bio,Cha Seung-won,3,2,0.0472606,0.0619512,0.000788156,0.00148806,1.88802
factscore_bio,Cha Seung-won,18,8,0.298858,0.243939,0.00253636,0.00300241,1.18375
factscore_bio,Cha Seung-won,28,15,0.0621796,0.0891702,0.000443978,0.000928088,2.09039
factscore_bio,Cha Seung-won,28,15,0.0537167,0.047163,0.00025342,0.00029957,1.18211
factscore_bio,Cha Seung-won,20,7,0.0309258,0.0206549,0.000217405,0.000148807,0.684467
factscore_bio,Ko Itakura,27,16,0.321953,0.43393,0.00160025,0.0020301,1.26861
factscore_bio,Ko Itakura,18,7,0.269792,0.357845,0.00137607,0.00364786,2.65092
factscore_bio,Ko Itakura,30,14,0.037263,0.0572464,0.000105762,0.000252412,2.3866
factscore_bio,Ko Itakura,35,15,0.0727211,0.0723119,0.000455081,0.000373831,0.821461
factscore_bio,Ko Itakura,35,18,0.338021,0.39522,0.002882,0.00240122,0.833177
factscore_bio,Ko Itakura,29,12,0.35729,0.436734,0.00257193,0.00304767,1.18497
factscore_bio,Ko Itakura,24,11,0.0347287,0.0311499,0.000212147,0.000153398,0.723073
factscore_bio,Ko Itakura,33,14,0.0617869,0.0830558,0.00055084,0.00114623,2.08089
factscore_bio,Ko Itakura,29,11,0.349084,0.260436,0.00430362,0.00512851,1.19168
factscore_bio,Ko Itakura,36,13,0.495464,0.493065,0.00356395,0.00379709,1.06542
factscore_bio,Siti Rahmah Kassim,42,24,0.26255,0.251204,0.00248085,0.0034318,1.38331
factscore_bio,Siti Rahmah Kassim,40,24,0.116895,0.0997851,0.000699319,0.000649366,0.92857
factscore_bio,Siti Rahmah Kassim,36,20,0.0195866,0.0130972,8.74068e-05,8.43342e-05,0.964847
factscore_bio,Siti Rahmah Kassim,28,17,0.0641647,0.0867827,0.000480572,0.000926587,1.92809
factscore_bio,Siti Rahmah Kassim,28,10,0.211204,0.175099,0.00218152,0.00239251,1.09672
factscore_bio,Siti Rahmah Kassim,2,1,0.169251,0.293948,0.00694626,0.0242084,3.4851
factscore_bio,Siti Rahmah Kassim,30,15,0.0153699,0.0164587,3.54273e-05,6.50502e-05,1.83616
factscore_bio,Siti Rahmah Kassim,26,9,0.0974964,0.179796,0.0011996,0.006825,5.68941
factscore_bio,Siti Rahmah Kassim,21,13,0.0809266,0.102561,0.000749601,0.00129045,1.72151
factscore_bio,Siti Rahmah Kassim,30,12,0.219595,0.206813,0.00213346,0.00309041,1.44854
factscore_bio,Siti Rahmah Kassim,30,12,0.0541728,0.102064,0.000195429,0.000680189,3.4805
factscore_bio,Siti Rahmah Kassim,32,17,0.0541137,0.0623194,0.000314747,0.000408285,1.29718
factscore_bio,Siti Rahmah Kassim,25,10,0.0813868,0.0534958,0.000595564,0.000424664,0.713046
factscore_bio,Siti Rahmah Kassim,19,7,0.136191,0.205609,0.00230395,0.00663194,2.87851
factscore_bio,Siti Rahmah Kassim,19,13,0.273198,0.213122,0.00312995,0.00281833,0.900438
factscore_bio,Siti Rahmah Kassim,25,10,0.111891,0.0895395,0.00105891,0.00233773,2.20768
factscore_bio,Siti Rahmah Kassim,26,9,0.0389375,0.0712165,0.000254613,0.00111577,4.38222
factscore_bio,Siti Rahmah Kassim,53,34,0.0706063,0.0382143,0.000298275,0.000260963,0.874908
factscore_bio,Andreas Kisser,28,15,0.619505,0.728815,0.00509017,0.00308171,0.605423
factscore_bio,Andreas Kisser,18,7,0.46137,0.471803,0.00348747,0.00781885,2.24198
factscore_bio,Andreas Kisser,31,15,0.358747,0.417841,0.00112801,0.0016134,1.4303
factscore_bio,Andreas Kisser,41,16,0.433122,0.596686,0.00353564,0.00322445,0.911984
factscore_bio,Andreas Kisser,38,20,0.662389,0.767629,0.00263603,0.0019245,0.730076
factscore_bio,Andreas Kisser,43,15,0.22684,0.2114,0.00102308,0.00169612,1.65785
factscore_bio,Andreas Kisser,21,10,0.688767,0.668572,0.00262488,0.00132202,0.503649
factscore_bio,Andreas Kisser,12,7,0.3669,0.315955,0.00186251,0.00177582,0.953459
factscore_bio,Andreas Kisser,17,5,0.322765,0.463113,0.00611045,0.00516012,0.844475
factscore_bio,Andreas Kisser,28,10,0.255595,0.298622,0.00191961,0.00310603,1.61805
factscore_bio,Andreas Kisser,31,11,0.270219,0.305053,0.00428941,0.00510422,1.18996
factscore_bio,Andreas Kisser,42,14,0.061399,0.0911272,0.000214406,0.000371428,1.73236
factscore_bio,Andreas Kisser,23,11,0.385423,0.34164,0.00402122,0.0030339,0.754473
factscore_bio,Sharad Kumar (athlete),18,9,0.297866,0.180457,0.0025963,0.00293603,1.13085
factscore_bio,Sharad Kumar (athlete),17,6,0.0515021,0.0382453,0.000333406,0.000606879,1.82024
factscore_bio,Sharad Kumar (athlete),21,9,0.140468,0.225505,0.000983515,0.00211901,2.15452
factscore_bio,Sharad Kumar (athlete),14,3,0.54698,0.536278,0.00417733,0.0113707,2.72201
factscore_bio,Sharad Kumar (athlete),15,5,0.0408014,0.00666607,0.000516304,1.2107e-05,0.0234493
factscore_bio,Sharad Kumar (athlete),24,6,0.0888468,0.0564078,0.000983634,0.00156741,1.59349
factscore_bio,Sharad Kumar (athlete),45,31,0.0452541,0.0633124,0.000113744,0.000226699,1.99305
factscore_bio,Sharad Kumar (athlete),5,3,0.00494588,0.000729051,7.49665e-06,2.3757e-07,0.0316902
factscore_bio,Sharad Kumar (athlete),22,7,0.119185,0.0639832,0.00122211,0.00160866,1.3163
factscore_bio,Sharad Kumar (athlete),32,17,0.104146,0.0952724,0.000691934,0.000713867,1.0317
factscore_bio,Sharad Kumar (athlete),42,22,0.0728077,0.0756646,0.000506065,0.00073439,1.45118
factscore_bio,Sharad Kumar (athlete),27,16,0.050597,0.0622095,0.000411863,0.000721281,1.75126
factscore_bio,Sharad Kumar (athlete),40,24,0.13628,0.163645,0.000994156,0.000884356,0.889555
factscore_bio,Sharad Kumar (athlete),31,12,0.168953,0.198735,0.00188726,0.00306456,1.62382
factscore_bio,Sharad Kumar (athlete),25,7,0.14226,0.1164,0.00184496,0.00290457,1.57433
factscore_bio,Idriss Ngari,24,8,0.0315664,0.0197383,0.000205189,7.36006e-05,0.358696
factscore_bio,Idriss Ngari,29,13,0.030491,0.0280748,0.000235249,0.000199092,0.846302
factscore_bio,Idriss Ngari,32,10,0.561444,0.312701,0.0040933,0.00129517,0.316411
factscore_bio,Idriss Ngari,27,5,0.220244,0.32194,0.00310776,0.00439899,1.41549
factscore_bio,Gerhard Fischer (inventor),33,17,0.283843,0.352207,0.00211916,0.00330086,1.55763
factscore_bio,Gerhard Fischer (inventor),22,10,0.256684,0.274465,0.00324093,0.00412651,1.27325
factscore_bio,Gerhard Fischer (inventor),25,12,0.207162,0.215585,0.00178906,0.00249375,1.39389
factscore_bio,Gerhard Fischer (inventor),33,14,0.0624855,0.062321,0.000586812,0.000562159,0.957988
factscore_bio,Gerhard Fischer (inventor),30,14,0.0407183,0.0603697,0.000147459,0.000366345,2.48439
factscore_bio,Gerhard Fischer (inventor),23,8,0.0279851,0.0607505,0.000132047,0.000651247,4.93192
factscore_bio,Gerhard Fischer (inventor),23,9,0.0690619,0.120393,0.000428774,0.00107432,2.50557
factscore_bio,Gerhard Fischer (inventor),32,14,0.077468,0.103501,0.000116802,0.000232863,1.99366
factscore_bio,Gerhard Fischer (inventor),18,7,0.0759201,0.0831816,0.00115639,0.00277755,2.40191
factscore_bio,Gerhard Fischer (inventor),31,14,0.112309,0.0730342,0.00138425,0.0007787,0.562544
factscore_bio,Gerhard Fischer (inventor),17,6,0.051077,0.00624821,0.000491712,2.1747e-05,0.0442272
factscore_bio,Gerhard Fischer (inventor),26,9,0.0419357,0.0289702,0.000282532,0.000182127,0.644627
factscore_bio,Gerhard Fischer (inventor),27,10,0.050182,0.0514825,0.000345906,0.000711882,2.05802
factscore_bio,Gerhard Fischer (inventor),20,9,0.174039,0.177039,0.000838602,0.00107071,1.27677
factscore_bio,Gerhard Fischer (inventor),20,7,0.13152,0.0980714,0.000873953,0.00166972,1.91054
factscore_bio,Gerhard Fischer (inventor),21,9,0.306099,0.219712,0.00209044,0.00377959,1.80804
factscore_bio,Katsunosuke Hori,37,22,0.193915,0.264593,0.000833481,0.00112431,1.34893
factscore_bio,Katsunosuke Hori,26,11,0.0714618,0.0907119,0.000645819,0.00179861,2.785
factscore_bio,Katsunosuke Hori,31,12,0.0984823,0.137429,9.93333e-05,0.000255315,2.57029
factscore_bio,Katsunosuke Hori,20,8,0.00285622,0.00452339,1.81363e-06,6.23325e-06,3.43689
factscore_bio,Katsunosuke Hori,24,10,0.0968617,0.0787512,0.00113759,0.000965887,0.849066
factscore_bio,Katsunosuke Hori,32,12,0.195429,0.099947,0.0007426,0.000856124,1.15287
factscore_bio,Katsunosuke Hori,38,14,0.0617596,0.0840361,0.000305032,0.000383339,1.25672
factscore_bio,Katsunosuke Hori,25,15,0.331565,0.437592,0.00152297,0.00247907,1.62779
factscore_bio,Katsunosuke Hori,15,6,0.0206233,0.040919,0.000124972,0.000687688,5.50271
factscore_bio,Katsunosuke Hori,19,6,0.0275528,0.0784231,0.000165931,0.00164839,9.93421
factscore_bio,Katsunosuke Hori,31,13,0.148785,0.223008,0.000451747,0.000997783,2.20872
factscore_bio,Katsunosuke Hori,28,11,0.0686622,0.0751686,0.000451803,0.00112596,2.49215
factscore_bio,Katsunosuke Hori,29,13,0.0361759,0.0427799,0.000183567,0.000337164,1.83673
factscore_bio,Katsunosuke Hori,30,14,0.0996956,0.0601266,0.000708845,0.000487209,0.687327
factscore_bio,Zelma Wilson,22,8,0.0410991,0.054896,0.000295452,0.000687977,2.32855
factscore_bio,Zelma Wilson,28,12,0.0577041,0.0512594,0.000638387,0.000536758,0.840804
factscore_bio,Zelma Wilson,31,9,0.667052,0.391324,0.003388,0.00150763,0.444993
factscore_bio,Zelma Wilson,33,8,0.232938,0.176138,0.00399393,0.00295039,0.738719
factscore_bio,Adil Rami,32,18,0.207314,0.246464,0.00134456,0.00204979,1.52451
factscore_bio,Adil Rami,25,12,0.141272,0.183616,0.000669406,0.00140606,2.10047
factscore_bio,Adil Rami,23,13,0.0524516,0.0552112,0.000367264,0.000482781,1.31454
factscore_bio,Adil Rami,24,9,0.0951485,0.0760274,0.000968764,0.000732878,0.756508
factscore_bio,Adil Rami,36,21,0.142511,0.174462,0.00131678,0.00186312,1.41491
factscore_bio,Adil Rami,32,13,0.19485,0.211384,0.00229186,0.00302934,1.32178
factscore_bio,Adil Rami,29,11,0.0701398,0.113188,0.000476054,0.00133077,2.79541
factscore_bio,Adil Rami,26,13,0.0802074,0.11137,0.000355783,0.000629675,1.76983
factscore_bio,Adil Rami,30,12,0.272866,0.261529,0.000851332,0.000823949,0.967834
factscore_bio,Adil Rami,19,8,0.47573,0.55664,0.00507201,0.00660798,1.30283
factscore_bio,Adil Rami,16,8,0.323826,0.29597,0.00533162,0.00366669,0.687725
factscore_bio,Adil Rami,26,7,0.521196,0.446284,0.00422374,0.0133938,3.17108
factscore_bio,Richard Burkewood Welbourn,21,8,0.0382496,0.0279314,0.000342778,0.000190892,0.556897
factscore_bio,Richard Burkewood Welbourn,31,9,0.0792494,0.053985,0.000965189,0.000666522,0.690561
factscore_bio,Richard Burkewood Welbourn,37,12,0.558176,0.317751,0.00332496,0.00123949,0.372784
factscore_bio,Richard Burkewood Welbourn,37,17,0.0894041,0.0282568,0.000824959,0.000247393,0.299885
factscore_bio,Miguel Díaz (baseball),26,16,0.581847,0.593701,0.0031797,0.00367704,1.15641
factscore_bio,Miguel Díaz (baseball),39,22,0.185431,0.21429,0.00169601,0.00179224,1.05674
factscore_bio,Miguel Díaz (baseball),27,10,0.578862,0.68293,0.00215753,0.00230383,1.06781
factscore_bio,Miguel Díaz (baseball),24,14,0.464071,0.457304,0.00433448,0.00442943,1.02191
factscore_bio,Miguel Díaz (baseball),29,11,0.25809,0.230337,0.00242861,0.00224776,0.925531
factscore_bio,Miguel Díaz (baseball),38,22,0.196142,0.195556,0.00177317,0.0016356,0.922414
factscore_bio,Miguel Díaz (baseball),28,11,0.0151372,0.0112778,5.83187e-05,4.24184e-05,0.727355
factscore_bio,Miguel Díaz (baseball),31,14,0.0703195,0.0952538,0.000343374,0.000595946,1.73556
factscore_bio,Miguel Díaz (baseball),19,8,0.00696226,0.0111398,1.08733e-05,3.53057e-05,3.24701
factscore_bio,Miguel Díaz (baseball),30,13,0.0659333,0.0892289,0.000252885,0.00038356,1.51674
factscore_bio,Miguel Díaz (baseball),36,15,0.019688,0.00992415,6.97446e-05,3.27403e-05,0.469432
factscore_bio,Miguel Díaz (baseball),36,23,0.0848988,0.0766943,0.000784962,0.000504898,0.643214
factscore_bio,Miguel Díaz (baseball),41,21,0.0647364,0.077854,0.000245643,0.00025828,1.05144
factscore_bio,Miguel Díaz (baseball),19,6,0.0179378,0.00704994,5.02645e-05,2.69251e-05,0.535668
factscore_bio,Miguel Díaz (baseball),31,17,0.626836,0.491589,0.00336647,0.00513927,1.52661
factscore_bio,Teresa Palmer,23,12,0.69759,0.689455,0.00141057,0.00185546,1.3154
factscore_bio,Teresa Palmer,28,11,0.59208,0.590318,0.0020144,0.00212421,1.05451
factscore_bio,Teresa Palmer,17,5,0.363242,0.432249,0.00330055,0.00624372,1.89172
factscore_bio,Teresa Palmer,19,8,0.674749,0.752292,0.00318523,0.00310363,0.97438
factscore_bio,Teresa Palmer,29,16,0.488069,0.466561,0.00280225,0.0037881,1.3518
factscore_bio,Teresa Palmer,31,13,0.589363,0.601326,0.00276665,0.00569141,2.05715
factscore_bio,Teresa Palmer,34,15,0.37279,0.243252,0.00188323,0.00239488,1.27169
factscore_bio,Teresa Palmer,22,12,0.368562,0.302967,0.00208223,0.00300621,1.44374
factscore_bio,Teresa Palmer,24,11,0.671331,0.703009,0.0027587,0.00497964,1.80507
factscore_bio,Teresa Palmer,29,16,0.529156,0.384655,0.00243285,0.00322017,1.32362
factscore_bio,Teresa Palmer,18,9,0.443862,0.384649,0.00729507,0.00871619,1.19481
factscore_bio,Teresa Palmer,30,16,0.147105,0.156612,0.00117079,0.00138564,1.1835
factscore_bio,Teresa Palmer,23,7,0.422165,0.498992,0.00294189,0.00321356,1.09235
factscore_bio,Teresa Palmer,31,14,0.401143,0.382914,0.0038967,0.00568621,1.45924
factscore_bio,Teresa Palmer,29,12,0.6073,0.607585,0.00276074,0.00364524,1.32038
